date,problem,topic,difficulty
2025-06-01,Two Sum,Arrays,Easy
2025-06-01,Valid Parentheses,Stack,Easy
2025-06-02,Merge Intervals,Intervals,Medium
2025-06-02,Find Peak Element,Binary Search,Medium
2025-06-03,Search in Rotated Array,Binary Search,Hard
2025-06-03,Group Anagrams,Hashing,Medium
2025-06-04,Lowest Common Ancestor,Trees,Medium
2025-06-04,Number of Islands,Graph,Medium
2025-06-05,Kth Largest Element,Heap,Medium
2025-06-06,Climbing Stairs,DP,Easy
2025-06-08,Combination Sum,Backtracking,Medium
2025-06-08,Longest Palindrome Substring,String,Medium
2025-06-09,LIS,DP,Medium
2025-06-10,Course Schedule,Graph,Medium
2025-06-12,Word Ladder,BFS,Hard
2025-06-12,LRU Cache,Linked List,Hard
